Ticker,Sector,period_end,availability_date,price_at_anchor,PS/Growth,PS_Ratio,GM %,GM Erosion,GM_Change_QoQ,ROIC %,Inv Days,Inv Trend,Rule 40,R40_Trend,Share Growth %,Pricing Power,Revenue_Growth_%,Capex_Sales_%,FCF_NI_Ratio_%,FCF_Margin_%
ABT,Diagnostics & Lab Tech,2023-12-31,2024-03-30,108.6567,,4.7,55.2,1.0,-0.8,10.6,133.0,15.7,4.5,,-0.21,Weak,-8.1,5.5,88.4,12.6
ABT,Diagnostics & Lab Tech,2024-12-31,2025-03-31,129.395,1.16,5.34,55.4,-0.2,-0.8,21.5,121.0,-12.6,19.7,15.2,-0.14,Weak,4.6,5.3,47.4,15.1
ABT,Diagnostics & Lab Tech,2025-12-31,2026-03-31,102.0299,0.71,4.0,56.4,-1.0,-0.8,9.8,123.0,1.7,22.4,2.6,0.28,Weak,5.7,4.9,113.4,16.7
ADI,Analog & Power,2023-10-31,2024-01-29,189.6497,3.15,7.65,64.0,-1.3,2.6,7.8,135.0,21.3,31.3,,-2.56,Weak,2.4,10.3,107.3,28.9
ADI,Analog & Power,2024-10-31,2025-01-29,205.2976,,10.81,57.1,6.9,2.6,4.3,131.0,-4.8,9.7,-21.6,0.01,Weak,-23.4,7.7,190.9,33.1
ADI,Analog & Power,2025-10-31,2026-01-29,316.8374,0.83,14.08,61.5,-4.4,2.6,5.7,142.0,11.8,55.7,46.0,-1.34,Strong,16.9,4.8,188.7,38.8
AI,Enterprise SaaS & AI,2024-04-30,2024-07-29,27.4,0.66,10.91,57.5,10.1,,-34.1,,,-12.7,51.9,8.57,Weak,16.4,9.0,,-29.1
AI,Enterprise SaaS & AI,2025-04-30,2025-07-29,24.48,0.33,8.43,60.6,-3.1,,-36.4,,,13.8,26.5,8.27,Strong,25.3,0.8,,-11.4
ALAB,Connectivity,2024-12-31,2025-03-31,59.67,0.1,24.4,76.4,-7.4,0.7,-12.2,169.0,-76.0,268.1,236.5,6.24,Strong,242.2,8.6,,25.8
ALAB,Connectivity,2025-12-31,2026-03-31,109.6,0.19,21.88,75.7,0.7,0.7,12.5,104.0,-64.7,148.2,-119.9,5.04,Strong,115.1,4.4,128.6,33.1
ALGM,Analog & Power,2024-03-31,2024-06-29,28.24,0.67,5.2,54.8,1.3,0.3,11.4,125.0,-4.4,13.2,,0.74,Weak,7.8,11.9,37.3,5.4
ALGM,Analog & Power,2025-03-31,2025-06-29,34.18,,8.69,44.3,10.4,0.3,-3.6,166.0,41.6,-28.0,-41.2,-4.6,Weak,-30.9,5.7,,2.9
AMD,Major Processors,2023-12-31,2024-03-30,180.49,,12.86,46.1,-1.2,-1.5,1.7,130.0,24.1,1.0,,0.25,Weak,-3.9,2.4,131.3,4.9
AMD,Major Processors,2024-12-31,2025-03-31,102.74,0.47,6.46,49.4,-3.2,-1.5,2.7,160.0,30.3,23.0,22.0,0.37,Weak,13.7,2.5,146.6,9.3
AMD,Major Processors,2025-12-31,2026-03-31,203.43,0.28,9.57,49.5,-0.2,-1.5,6.5,165.0,5.1,53.8,30.8,0.49,Strong,34.3,2.8,155.4,19.4
APPN,Enterprise SaaS & AI,2024-12-31,2025-03-31,28.81,0.26,3.46,72.7,-2.1,8.3,-25.7,,,13.6,19.1,0.9,Weak,13.1,0.6,,0.5
APPN,Enterprise SaaS & AI,2025-12-31,2026-03-31,24.11,0.14,2.45,72.5,0.2,8.3,2.2,,,26.0,12.4,-0.1,Strong,17.8,0.5,4830.2,8.2
ARM,Major Processors,2024-03-31,2024-06-29,163.62,2.55,52.65,95.2,0.8,0.3,2.6,,,50.0,,1.47,Strong,20.7,4.4,309.5,29.3
ARM,Major Processors,2025-03-31,2025-06-29,165.46,1.82,43.63,97.0,-1.7,0.3,11.4,,,27.9,-22.1,1.56,Strong,23.9,6.0,19.9,3.9
ARRY,Solar Installation,2024-12-31,2025-03-31,4.87,,0.81,32.5,-6.1,19.6,-20.9,119.0,67.7,-27.1,-37.0,0.47,Weak,-41.9,2.0,,14.8
ARRY,Solar Installation,2025-12-31,2026-03-31,7.23,0.02,0.86,23.2,9.3,19.6,-0.3,56.0,-62.9,46.4,73.6,0.54,Weak,40.2,1.7,,6.2
ASAN,Enterprise SaaS & AI,2025-01-31,2025-05-01,16.05,0.47,5.16,89.3,0.8,-0.2,-52.9,,,11.3,-3.2,3.63,Weak,10.9,1.7,,0.4
ASAN,Enterprise SaaS & AI,2026-01-31,2026-05-01,6.99,0.23,2.1,89.0,0.3,-0.2,-54.2,,,19.0,7.7,2.16,Weak,9.2,1.7,,9.7
ASTI,CleanTech / Emerging,2023-12-31,2024-03-30,39.3,,3.07,-312.9,248.4,213.1,,86.0,-25.3,-2989.7,,2008.12,Weak,-62.5,846.1,,-2927.2
ASTI,CleanTech / Emerging,2024-12-31,2025-03-31,1.41,,48.97,-254.2,-58.8,213.1,,1115.0,1028.3,-20199.2,-17209.5,3959.65,Weak,-90.9,1.0,,-20108.3
ASTI,CleanTech / Emerging,2025-12-31,2026-03-31,3.94,2.87,239.27,-155.7,-98.4,213.1,,1011.0,-104.0,-8951.1,11248.1,220.45,Strong,83.3,41.7,,-9034.4
ASX,Foundries,2024-12-31,2025-03-31,8.456,0.03,0.06,16.3,-0.5,0.5,7.8,45.0,-2.4,3.8,6.8,0.71,Weak,2.3,13.7,28.1,1.5
ASX,Foundries,2025-12-31,2026-03-31,21.68,0.02,0.15,17.7,-1.4,0.5,7.4,48.0,2.9,4.7,0.9,0.74,Weak,8.4,25.7,-59.0,-3.7
ATEC,Emerging & Biotech Med,2024-12-31,2025-03-31,10.14,0.09,2.39,69.4,-5.1,0.8,-22.0,342.0,51.3,4.3,1.1,3.51,Strong,26.8,15.2,,-22.5
ATEC,Emerging & Biotech Med,2025-12-31,2026-03-31,10.88,0.08,2.11,69.6,-0.2,0.8,-17.0,266.0,-75.3,24.4,20.1,3.0,Strong,25.0,6.5,,-0.6
AVGO,Major Processors,2023-10-31,2024-01-29,118.8332,1.74,13.73,68.9,-2.4,1.3,23.8,62.0,-1.0,57.1,,-0.96,Weak,7.9,1.3,125.2,49.2
AVGO,Major Processors,2024-10-31,2025-01-29,204.074,0.42,18.54,63.0,5.9,1.3,5.8,34.0,-28.6,81.6,24.5,13.19,Weak,44.0,1.1,329.3,37.6
AVGO,Major Processors,2025-10-31,2026-01-29,330.0377,1.03,24.49,67.8,-4.7,1.3,17.3,40.0,6.5,66.0,-15.6,1.17,Strong,23.9,1.0,116.4,42.1
AVPT,Data & Infrastructure,2023-12-31,2024-03-30,7.92,0.32,5.38,71.5,-0.0,-0.8,-6.7,,,28.5,,-0.34,Strong,17.0,1.3,,11.5
AVPT,Data & Infrastructure,2024-12-31,2025-03-31,14.44,0.39,8.48,75.0,-3.5,-0.8,2.9,,,47.2,18.7,5.1,Strong,21.6,1.3,,25.6
AVPT,Data & Infrastructure,2025-12-31,2026-03-31,9.51,0.18,4.88,74.1,1.0,-0.8,5.6,,,46.0,-1.2,10.82,Strong,26.9,1.3,229.7,19.1
BAND,Communications & Ops,2023-12-31,2024-03-30,18.26,0.16,0.79,39.3,2.3,-0.3,-1.6,,,8.1,,3.24,Weak,4.9,3.3,,3.2
BAND,Communications & Ops,2024-12-31,2025-03-31,13.1,0.02,0.5,37.4,1.9,-0.3,-0.6,,,32.3,24.3,9.11,Weak,24.5,3.4,,7.8
BAND,Communications & Ops,2025-12-31,2026-03-31,17.82,1.04,0.74,39.1,-1.7,-0.3,-1.3,,,8.2,-24.1,9.8,Weak,0.7,4.4,,7.5
BB,Cybersecurity,2024-02-29,2024-05-29,2.75,0.05,2.13,64.6,5.0,0.3,0.6,,,41.0,,1.22,Weak,44.2,2.8,,-3.2
BB,Cybersecurity,2025-02-28,2025-05-29,3.99,,4.45,73.8,-9.2,0.3,-1.5,,,-28.3,-69.4,1.19,Weak,-29.5,1.9,,1.2
BB,Cybersecurity,2026-02-28,2026-05-29,9.0,3.63,9.63,76.2,-2.3,0.3,6.0,,,10.1,38.4,-1.48,Weak,2.7,1.7,76.7,7.4
BEEM,CleanTech / Emerging,2024-12-31,2025-03-31,2.04,,0.61,14.8,-13.0,-31.1,-23.4,107.0,40.8,-32.9,-217.8,3.04,Weak,-26.7,1.7,,-6.1
BEEM,CleanTech / Emerging,2025-12-31,2026-03-31,1.47,,1.0,12.5,2.3,-31.1,-88.1,144.0,37.6,-81.6,-48.7,28.91,Weak,-42.8,1.7,,-38.8
BEP,Renewable Utilities,2023-12-31,2024-03-30,21.1091,0.17,1.2,61.6,7.9,1.0,3.5,21.0,10.3,-11.8,,4.29,Weak,6.9,55.8,,-18.7
BEP,Renewable Utilities,2024-12-31,2025-03-31,21.3252,0.06,1.03,56.1,5.5,1.0,0.1,22.0,0.8,-25.2,-13.4,-0.69,Weak,16.6,63.5,,-41.8
BEP,Renewable Utilities,2025-12-31,2026-03-31,32.2971,0.17,1.54,54.7,1.4,1.0,24.1,22.0,0.5,-75.9,-50.7,7.3,Weak,9.0,102.8,,-84.9
BEPC,Renewable Utilities,2023-12-31,2024-03-30,22.2332,0.2,1.01,63.0,5.9,-3.9,3.2,16.0,10.6,19.5,,4.32,Weak,5.0,25.9,,14.5
BEPC,Renewable Utilities,2024-12-31,2025-03-31,26.515,0.26,1.15,57.3,5.7,-3.9,5.0,7.0,-9.0,-5.2,-24.7,-0.01,Weak,4.4,22.9,-169.5,-9.7
BEPC,Renewable Utilities,2025-12-31,2026-03-31,39.4383,,1.9,59.9,-2.6,-3.9,-2.2,8.0,0.6,-27.1,-21.8,-0.02,Weak,-10.0,30.5,,-17.1
BFLY,Diagnostics & Lab Tech,2024-12-31,2025-03-31,2.28,0.24,5.98,59.5,-33.9,1.6,-34.3,778.0,234.2,-29.6,139.3,3.57,Strong,24.5,3.3,,-54.1
BFLY,Diagnostics & Lab Tech,2025-12-31,2026-03-31,4.04,0.55,10.5,46.9,12.7,1.6,-32.7,432.0,-345.7,2.5,32.1,17.99,Weak,19.0,3.4,,-16.4
BLZE,Communications & Ops,2023-12-31,2024-03-30,10.23,0.2,3.93,48.9,2.6,-1.2,-75.0,,,-7.2,,17.24,Weak,19.8,19.8,,-27.0
BLZE,Communications & Ops,2024-12-31,2025-03-31,4.83,0.08,2.02,54.3,-5.5,-1.2,-41.3,,,23.8,31.0,36.33,Strong,25.1,11.1,,-1.3
BLZE,Communications & Ops,2025-12-31,2026-03-31,3.45,0.1,1.39,60.9,-6.6,-1.2,-16.7,,,22.0,-1.8,9.99,Weak,14.3,8.4,,7.7
BNRG,CleanTech / Emerging,2023-12-31,2024-03-30,350.0,,34.65,-150.4,126.1,,,142.0,-38.1,-1601.2,,41.34,Weak,-59.1,427.4,,-1542.0
BNRG,CleanTech / Emerging,2024-12-31,2025-03-31,217.175,,,,,,,,,,,276.2,,-100.0,,,
BNRG,CleanTech / Emerging,2025-12-31,2026-03-31,3.015,,5.58,-829.2,,,,160.0,,,,209.52,,,56.1,,-2743.2
BOX,Enterprise SaaS & AI,2024-01-31,2024-04-30,26.02,0.77,3.62,74.9,-0.4,-0.6,24.4,,,33.4,,0.04,Weak,4.7,2.0,230.5,28.7
BOX,Enterprise SaaS & AI,2025-01-31,2025-05-01,30.98,0.81,4.1,79.1,-4.2,-0.6,35.2,,,32.8,-0.6,-0.17,Weak,5.0,2.8,123.5,27.7
BOX,Enterprise SaaS & AI,2026-01-31,2026-05-01,25.01,0.37,2.99,79.2,-0.1,-0.6,17.2,,,34.8,2.0,-2.22,Weak,8.0,3.5,273.2,26.8
BRKR,Diagnostics & Lab Tech,2023-12-31,2024-03-30,93.1142,0.27,4.56,51.0,0.5,0.2,14.4,244.0,5.1,25.3,,-1.26,Strong,17.1,3.6,56.9,8.2
BRKR,Diagnostics & Lab Tech,2024-12-31,2025-03-31,41.5163,0.14,1.87,49.0,2.0,0.2,3.1,227.0,-16.5,17.6,-7.7,4.49,Weak,13.6,3.4,120.2,4.0
BRKR,Diagnostics & Lab Tech,2025-12-31,2026-03-31,36.12,0.77,1.6,45.9,3.1,0.2,-0.6,215.0,-12.1,2.5,-15.1,0.31,Weak,2.1,3.5,,0.4
BSX,Medical Devices (Heavy),2023-12-31,2024-03-30,68.49,0.57,7.05,69.5,-0.7,-0.1,6.0,209.0,36.4,24.2,,2.26,Weak,12.3,5.6,106.9,12.0
BSX,Medical Devices (Heavy),2024-12-31,2025-03-31,100.88,0.5,8.88,68.6,0.9,-0.1,6.3,195.0,-13.6,31.7,7.5,0.6,Strong,17.6,6.4,127.6,14.1
BSX,Medical Devices (Heavy),2025-12-31,2026-03-31,62.75,0.23,4.64,69.0,-0.4,-0.1,8.3,173.0,-22.4,36.8,5.1,0.57,Strong,19.9,5.6,117.5,17.0
CERS,Emerging & Biotech Med,2024-12-31,2025-03-31,1.39,0.09,1.43,55.2,0.0,0.5,-8.7,172.0,-35.5,20.0,54.1,2.49,Strong,15.3,1.6,,4.7
CERS,Emerging & Biotech Med,2025-12-31,2026-03-31,1.82,0.12,1.7,54.5,0.7,0.5,-5.9,218.0,45.8,14.9,-5.1,3.43,Weak,14.3,1.8,,0.5
CHKP,Cybersecurity,2023-12-31,2024-03-30,164.01,2.11,7.67,88.3,-1.4,-1.5,22.3,,,45.9,,-6.5,Weak,3.6,0.8,121.3,42.2
CHKP,Cybersecurity,2024-12-31,2025-03-31,227.92,1.55,9.63,87.6,0.7,-1.5,22.2,,,46.3,0.5,-4.02,Weak,6.2,0.9,121.6,40.1
CHKP,Cybersecurity,2025-12-31,2026-03-31,142.85,0.89,5.53,86.7,0.8,-1.5,18.0,,,49.3,3.0,-2.56,Weak,6.3,1.0,111.0,43.0
CODX,Diagnostics & Lab Tech,2024-12-31,2025-03-31,9.3,,2.62,74.5,-35.9,-78.8,-71.4,392.0,246.7,-806.3,-382.0,5.74,Weak,-42.5,19.1,,-763.8
CODX,Diagnostics & Lab Tech,2025-12-31,2026-03-31,1.86,,6.26,64.3,10.2,-78.8,-142.6,1629.0,1237.0,-4877.3,-4071.0,90.15,Weak,-84.1,112.5,,-4793.2
CPAY,FinTech & Payments,2023-12-31,2024-03-30,308.54,0.61,5.89,78.2,-0.5,-0.7,14.3,,,61.5,,-2.24,Weak,9.6,4.1,198.3,51.8
CPAY,FinTech & Payments,2024-12-31,2025-03-31,348.72,1.07,6.16,78.1,0.0,-0.7,13.9,,,50.2,-11.3,-2.16,Weak,5.8,4.4,175.9,44.4
CPAY,FinTech & Payments,2025-12-31,2026-03-31,290.99,0.32,4.39,78.6,-0.5,-0.7,11.2,,,42.6,-7.6,-2.58,Weak,13.9,4.4,121.4,28.7
CRDO,Connectivity,2024-04-30,2024-07-29,27.38,4.89,23.31,61.9,-4.2,1.0,-8.1,129.0,-86.8,13.6,-34.2,10.53,Weak,4.8,8.1,,8.9
CRDO,Connectivity,2025-04-30,2025-07-29,109.38,0.34,42.87,64.8,-2.9,1.0,5.2,214.0,85.0,133.0,119.4,4.18,Strong,126.3,8.3,55.6,6.6
CRM,Enterprise SaaS & AI,2024-01-31,2024-04-30,264.7116,0.66,7.37,75.5,-2.2,-0.7,6.8,,,38.4,,-1.02,Weak,11.2,2.1,229.6,27.2
CRM,Enterprise SaaS & AI,2025-01-31,2025-05-01,266.6468,0.78,6.77,77.2,-1.7,-0.7,8.5,,,41.5,3.1,-0.93,Weak,8.7,1.7,200.6,32.8
CRM,Enterprise SaaS & AI,2026-01-31,2026-05-01,183.3468,0.43,4.1,77.7,-0.5,-0.7,9.3,,,44.3,2.7,-3.43,Weak,9.6,1.4,193.1,34.7
CRWD,Cybersecurity,2025-01-31,2025-05-01,431.88,0.92,27.08,75.0,0.2,-0.8,-0.3,,,56.4,-10.3,2.48,Strong,29.4,7.9,,27.0
CRWD,Cybersecurity,2026-01-31,2026-05-01,455.64,1.1,23.99,74.7,0.3,-0.8,-1.8,,,47.5,-8.9,2.22,Strong,21.7,7.7,,25.8
CSGS,Communications & Ops,2024-12-31,2025-03-31,59.3774,0.6,1.43,48.7,-1.3,-1.6,12.5,,,11.9,-4.3,-2.33,Weak,2.4,1.9,130.4,9.5
CSGS,Communications & Ops,2025-12-31,2026-03-31,79.94,0.85,1.85,49.0,-0.3,-1.6,8.2,,,13.7,1.9,-1.68,Weak,2.2,1.2,253.0,11.6
CSIQ,Solar Hardware,2023-12-31,2024-03-30,19.76,0.09,0.17,16.8,0.1,14.9,7.4,68.0,-21.7,-9.1,,2.56,Weak,1.9,20.0,-306.7,-11.0
CSIQ,Solar Hardware,2024-12-31,2025-03-31,8.65,,0.1,16.7,0.1,14.9,0.5,88.0,20.2,-67.3,-58.2,1.2,Weak,-21.3,31.2,-7644.0,-46.0
CSIQ,Solar Hardware,2025-12-31,2026-03-31,13.85,,0.17,18.3,-1.7,14.9,0.4,91.0,2.4,-36.0,31.2,1.28,Weak,-6.6,24.9,,-29.4
CTKB,Diagnostics & Lab Tech,2023-12-31,2024-03-30,6.71,0.26,4.54,56.7,4.9,-4.8,-2.4,266.0,-12.9,17.9,,-3.44,Weak,17.7,2.5,,0.2
CTKB,Diagnostics & Lab Tech,2024-12-31,2025-03-31,4.01,0.67,2.58,55.4,1.3,-4.8,-5.0,179.0,-86.5,14.7,-3.2,-1.15,Weak,3.9,1.9,,10.8
CTKB,Diagnostics & Lab Tech,2025-12-31,2026-03-31,4.37,5.37,2.79,51.8,3.6,-4.8,-17.1,182.0,2.9,-3.9,-18.5,-0.51,Weak,0.5,2.1,,-4.4
CWEN,Renewable Utilities,2023-12-31,2024-03-30,20.3494,0.17,1.81,64.0,-0.6,10.2,2.0,42.0,3.0,41.5,,0.09,Weak,10.4,22.4,516.5,31.1
CWEN,Renewable Utilities,2024-12-31,2025-03-31,28.3544,0.56,2.43,63.5,0.5,10.2,3.8,47.0,4.2,39.6,-1.9,0.38,Weak,4.3,20.9,548.9,35.2
CWEN,Renewable Utilities,2025-12-31,2026-03-31,38.8433,0.77,3.25,62.9,0.5,10.2,1.8,52.0,5.0,28.2,-11.4,1.71,Weak,4.2,24.2,202.4,23.9
DBX,Enterprise SaaS & AI,2023-12-31,2024-03-30,24.3,0.43,3.27,80.9,0.0,0.4,17.6,,,37.9,,-3.63,Weak,7.6,1.0,167.4,30.3
DBX,Enterprise SaaS & AI,2024-12-31,2025-03-31,26.71,1.67,3.1,82.5,-1.7,0.4,20.4,,,36.1,-1.9,-12.12,Weak,1.9,0.9,192.7,34.2
DBX,Enterprise SaaS & AI,2025-12-31,2026-03-31,22.72,,2.19,80.1,2.4,0.4,60.2,,,35.8,-0.2,-17.91,Weak,-1.1,0.8,183.0,36.9
DDOG,Data & Infrastructure,2024-12-31,2025-03-31,99.21,0.48,12.64,80.8,-0.1,-1.2,4.8,,,55.0,-0.1,3.33,Strong,26.1,3.6,421.8,28.9
DDOG,Data & Infrastructure,2025-12-31,2026-03-31,118.05,0.44,12.14,80.0,0.8,-1.2,2.3,,,54.4,-0.6,3.04,Strong,27.7,4.0,849.0,26.7
DLO,FinTech & Payments,2023-12-31,2024-03-30,13.7828,0.11,6.12,42.6,5.7,1.1,32.6,,,97.6,,-2.44,Weak,55.2,2.8,184.8,42.3
DLO,FinTech & Payments,2024-12-31,2025-03-31,7.8196,0.2,2.99,39.5,3.1,1.1,24.5,,,7.3,-90.3,-1.16,Weak,14.7,3.0,-46.0,-7.4
DLO,FinTech & Payments,2025-12-31,2026-03-31,12.7555,0.07,3.44,36.8,2.7,1.1,34.3,,,81.2,74.0,3.31,Weak,46.6,3.4,192.4,34.6
DOX,Data & Infrastructure,2023-09-30,2023-12-29,83.102,0.29,2.0,35.3,0.0,1.8,11.1,,,21.1,,-2.89,Weak,6.8,2.5,129.1,14.3
DOX,Data & Infrastructure,2024-09-30,2024-12-29,82.5027,0.77,1.86,35.1,0.3,1.8,10.7,,,14.8,-6.3,-3.8,Weak,2.4,2.1,125.5,12.4
DOX,Data & Infrastructure,2025-09-30,2025-12-29,79.9942,,1.91,38.0,-2.9,1.8,12.3,,,4.8,-10.0,-3.94,Weak,-9.4,2.3,114.2,14.2
DXCM,Monitoring & Specialized,2023-12-31,2024-03-30,138.7,0.6,14.76,63.2,1.5,0.0,11.8,153.0,44.1,38.6,,-0.23,Weak,24.5,6.5,94.5,14.1
DXCM,Monitoring & Specialized,2024-12-31,2025-03-31,68.29,0.58,6.62,60.5,2.7,0.0,16.7,124.0,-29.0,27.0,-11.6,1.38,Weak,11.3,8.9,109.5,15.6
DXCM,Monitoring & Specialized,2025-12-31,2026-03-31,62.8,0.33,5.18,60.1,0.4,0.0,20.3,123.0,-0.7,38.7,11.7,-1.51,Strong,15.6,7.8,128.8,23.1
ENPH,Solar Hardware,2023-12-31,2024-03-30,120.98,,7.17,46.2,-4.4,-8.8,15.7,63.0,23.0,23.9,,-0.53,Weak,-1.7,4.8,133.6,25.6
ENPH,Solar Hardware,2024-12-31,2025-03-31,62.05,,6.18,47.3,-1.1,-8.8,4.3,86.0,22.6,-5.8,-29.7,-2.41,Weak,-41.9,2.5,467.7,36.1
ENPH,Solar Hardware,2025-12-31,2026-03-31,37.81,0.31,3.36,46.6,0.6,-8.8,7.8,134.0,47.9,17.2,23.1,-1.03,Weak,10.7,2.8,55.7,6.5
EVTC,FinTech & Payments,2023-12-31,2024-03-30,39.4133,0.3,3.71,51.5,1.2,1.2,6.3,,,30.5,,0.93,Weak,12.3,12.2,158.4,18.2
EVTC,FinTech & Payments,2024-12-31,2025-03-31,36.5259,0.13,2.75,51.9,-0.4,1.2,11.8,,,42.0,11.5,-2.81,Strong,21.7,10.5,152.4,20.3
EVTC,FinTech & Payments,2025-12-31,2026-03-31,28.1612,0.18,1.87,49.7,2.3,1.2,10.6,,,24.8,-17.3,-2.92,Weak,10.2,9.8,95.7,14.5
EW,Medical Devices (Heavy),2023-12-31,2024-03-30,95.56,0.94,11.47,80.5,3.3,-0.1,15.1,337.0,-104.5,24.8,,-1.18,Weak,12.2,5.3,44.9,12.6
EW,Medical Devices (Heavy),2024-12-31,2025-03-31,72.48,0.91,7.84,79.5,1.0,-0.1,12.2,355.0,17.9,13.4,-11.4,-2.08,Weak,8.6,5.2,6.2,4.8
EW,Medical Devices (Heavy),2025-12-31,2026-03-31,80.08,0.66,7.66,78.0,1.4,-0.1,9.0,308.0,-46.8,33.5,20.2,-1.34,Weak,11.5,4.3,124.4,22.0
FLNC,Renewable Utilities,2023-09-30,2023-12-29,23.85,0.02,1.28,6.4,-11.6,5.2,-19.4,40.0,-149.4,79.4,,3.51,Strong,85.0,0.6,,-5.6
FLNC,Renewable Utilities,2024-09-30,2024-12-29,16.24,0.04,0.78,12.6,-6.3,5.2,3.2,28.0,-11.3,23.9,-55.5,8.85,Strong,21.7,0.7,267.3,2.2
FLNC,Renewable Utilities,2025-09-30,2025-12-29,19.97,,1.16,13.1,-0.4,5.2,-7.1,84.0,56.2,-23.9,-47.8,1.35,Weak,-16.1,1.3,,-7.7
FLYW,FinTech & Payments,2023-12-31,2024-03-30,24.81,0.19,7.54,63.4,-0.7,-8.9,-1.0,,,56.7,,12.09,Strong,39.3,1.5,,17.4
FLYW,FinTech & Payments,2024-12-31,2025-03-31,9.5,0.11,2.39,63.9,-0.5,-8.9,0.4,,,40.9,-15.9,1.21,Strong,22.1,1.3,3187.2,18.8
FLYW,FinTech & Payments,2025-12-31,2026-03-31,11.64,0.09,2.28,61.4,2.5,-8.9,1.8,,,41.1,0.2,-1.69,Weak,26.6,1.6,669.2,14.5
FOUR,FinTech & Payments,2023-12-31,2024-03-30,66.07,0.06,1.61,26.8,-3.2,-2.8,5.8,1.0,-0.5,36.4,,9.32,Strong,28.7,5.7,231.4,7.8
FOUR,FinTech & Payments,2024-12-31,2025-03-31,81.71,0.06,1.7,29.2,-2.4,-2.8,-491.4,1.0,0.7,39.2,2.8,11.06,Strong,29.9,5.7,135.2,9.3
FOUR,FinTech & Payments,2025-12-31,2026-03-31,43.73,0.03,0.68,34.2,-5.0,-2.8,3.9,,,34.4,-4.8,-6.45,Strong,25.5,6.2,313.4,8.9
FSLR,Solar Hardware,2023-12-31,2024-03-30,168.8,0.2,5.43,39.2,-36.5,7.0,9.3,183.0,70.9,3.1,,0.22,Strong,26.7,41.8,-94.4,-23.6
FSLR,Solar Hardware,2024-12-31,2025-03-31,126.43,0.12,3.22,44.2,-5.0,7.0,13.2,210.0,26.5,19.4,16.4,0.2,Strong,26.7,36.3,-23.8,-7.3
FSLR,Solar Hardware,2025-12-31,2026-03-31,197.26,0.17,4.06,40.6,3.5,7.0,14.2,126.0,-83.2,46.8,27.4,0.23,Weak,24.1,16.7,77.7,22.7
FTNT,Cybersecurity,2023-12-31,2024-03-30,68.31,0.49,9.8,76.7,-1.2,0.7,34.1,143.0,54.0,52.7,,-2.62,Strong,20.1,3.8,150.8,32.6
FTNT,Cybersecurity,2024-12-31,2025-03-31,96.26,1.01,12.4,80.6,-3.9,0.7,31.4,99.0,-43.5,43.8,-8.9,0.79,Weak,12.3,6.4,107.7,31.6
FTNT,Cybersecurity,2025-12-31,2026-03-31,81.72,0.63,8.93,80.5,0.1,0.7,34.7,110.0,10.2,46.9,3.1,-3.13,Weak,14.2,5.4,120.1,32.7
GCT,FinTech & Payments,2023-12-31,2024-03-30,26.72,0.04,1.55,26.8,-9.8,1.0,14.8,94.0,23.4,62.0,,0.24,Strong,43.6,0.6,137.2,18.3
GCT,FinTech & Payments,2024-12-31,2025-03-31,14.2,0.01,0.49,24.6,2.2,1.0,15.6,72.0,-21.8,77.2,15.3,-1.07,Weak,65.0,1.3,113.3,12.3
GCT,FinTech & Payments,2025-12-31,2026-03-31,45.38,0.12,1.3,23.3,1.3,1.0,16.0,69.0,-2.4,25.3,-52.0,-8.51,Weak,11.1,0.6,133.1,14.2
GDDY,Enterprise SaaS & AI,2023-12-31,2024-03-30,118.68,1.0,3.96,63.0,0.7,-0.9,40.7,,,26.8,,-7.66,Weak,4.0,1.8,70.6,22.8
GDDY,Enterprise SaaS & AI,2024-12-31,2025-03-31,180.14,0.74,5.56,63.9,-0.9,-0.9,20.4,,,35.1,8.3,-0.59,Weak,7.5,0.6,134.6,27.6
GDDY,Enterprise SaaS & AI,2025-12-31,2026-03-31,82.67,0.27,2.25,63.6,0.3,-0.9,19.9,,,40.1,5.0,-4.58,Weak,8.3,0.5,180.1,31.8
GEHC,Medical Devices (Heavy),2023-12-31,2024-03-30,90.5672,0.32,2.11,40.5,-1.4,-1.2,8.5,62.0,-9.0,15.4,,0.3,Weak,6.6,2.0,109.3,8.8
GEHC,Medical Devices (Heavy),2024-12-31,2025-03-31,80.5234,3.05,1.87,41.7,-1.2,-1.2,10.4,62.0,0.2,8.5,-6.9,0.35,Weak,0.6,2.0,77.8,7.9
GEHC,Medical Devices (Heavy),2025-12-31,2026-03-31,71.1454,0.32,1.57,40.0,1.7,-1.2,9.0,66.0,4.2,12.1,3.6,-0.27,Weak,4.8,2.3,72.2,7.3
GFS,Foundries,2023-12-31,2024-03-30,52.11,,3.9,28.4,-0.8,-0.2,7.4,103.0,19.3,-4.5,,1.06,Weak,-8.8,24.4,31.5,4.3
GFS,Foundries,2024-12-31,2025-03-31,36.91,,3.02,24.5,4.0,-0.2,-0.7,116.0,13.7,7.6,12.1,-0.11,Weak,-8.7,9.3,,16.3
GFS,Foundries,2025-12-31,2026-03-31,44.48,5.99,3.64,24.9,-0.4,-0.2,6.3,113.0,-3.4,15.5,7.9,0.54,Weak,0.6,10.6,114.0,14.9
GKOS,Monitoring & Specialized,2023-12-31,2024-03-30,94.29,1.31,14.72,76.0,-0.4,78.9,-14.0,203.0,2.5,-13.5,,2.86,Weak,11.3,6.4,,-24.8
GKOS,Monitoring & Specialized,2024-12-31,2025-03-31,98.42,0.66,14.49,75.5,0.5,78.9,-15.1,224.0,21.1,4.2,17.7,14.91,Strong,21.9,1.6,,-17.6
GKOS,Monitoring & Specialized,2025-12-31,2026-03-31,107.66,0.38,12.2,55.7,19.8,78.9,-23.1,103.0,-120.6,24.6,20.4,1.89,Weak,32.3,4.8,,-7.7
GMED,Medical Devices (Heavy),2023-12-31,2024-03-30,53.64,0.09,4.66,65.1,9.2,0.8,3.2,565.0,150.9,63.9,,36.07,Weak,53.3,5.0,134.5,10.5
GMED,Medical Devices (Heavy),2024-12-31,2025-03-31,73.2,0.07,3.99,58.9,6.2,0.8,4.3,232.0,-332.4,76.7,12.8,0.8,Weak,60.6,4.6,393.5,16.1
GMED,Medical Devices (Heavy),2025-12-31,2026-03-31,86.16,0.2,3.3,67.4,-8.5,0.8,9.9,289.0,57.0,36.4,-40.4,-18.04,Strong,16.7,5.9,107.7,19.7
GTLB,Enterprise SaaS & AI,2024-01-31,2024-04-30,52.47,0.39,14.26,89.7,-1.9,-0.8,-77.1,,,42.4,,4.24,Strong,36.7,0.3,,5.8
GTLB,Enterprise SaaS & AI,2025-01-31,2025-05-01,46.96,0.33,10.14,88.8,0.9,-0.8,-1.8,,,22.0,-20.4,4.03,Strong,30.9,0.5,,-8.9
GTLB,Enterprise SaaS & AI,2026-01-31,2026-05-01,24.05,0.17,4.28,87.4,1.4,-0.8,-8.0,,,49.1,27.1,3.76,Weak,25.8,1.1,,23.2
HAE,Medical Devices (Heavy),2024-03-31,2024-06-29,82.73,0.27,3.21,52.8,-0.2,-2.5,6.7,187.0,16.5,23.0,,0.67,Weak,12.0,2.9,122.2,11.0
HAE,Medical Devices (Heavy),2025-03-31,2025-06-29,73.8,0.66,2.61,55.0,-2.2,-2.5,9.4,218.0,30.3,14.4,-8.6,-5.06,Weak,4.0,2.9,85.0,10.5
HIMX,Emerging/Small Cap,2023-12-31,2024-03-30,4.9611,,1.83,27.9,12.7,-0.0,6.0,116.0,-73.2,-7.6,,0.18,Weak,-21.3,2.5,255.5,13.7
HIMX,Emerging/Small Cap,2024-12-31,2025-03-31,7.0619,,2.72,30.5,-2.6,-0.0,9.0,92.0,-24.4,7.2,14.9,0.1,Weak,-4.1,1.5,128.9,11.3
HIMX,Emerging/Small Cap,2025-12-31,2026-03-31,7.87,,3.3,30.6,-0.1,-0.0,5.1,96.0,4.6,6.1,-1.1,-0.27,Weak,-8.2,2.5,272.0,14.4
HYLN,CleanTech / Emerging,2023-12-31,2024-03-30,1.76,,479.47,-155.4,-161.5,-3.0,,0.0,-3.1,-18574.5,,1.8,Weak,-68.1,1101.3,,-18506.4
HYLN,CleanTech / Emerging,2024-12-31,2025-03-31,1.4,1.29,161.26,6.2,-161.6,-3.0,,,,-4730.5,13844.0,-5.05,Strong,124.6,1095.1,,-4855.1
HYLN,CleanTech / Emerging,2025-12-31,2026-03-31,1.76,0.69,89.78,4.9,1.3,-3.0,,,,-1892.4,2838.1,1.99,Weak,130.3,683.2,,-2022.7
INDI,Emerging/Small Cap,2023-12-31,2024-03-30,7.08,0.05,5.18,40.1,5.3,0.7,-17.7,91.0,10.6,48.9,,28.68,Weak,101.4,5.7,,-52.5
INDI,Emerging/Small Cap,2024-12-31,2025-03-31,2.035,,1.78,41.7,-1.5,0.7,-15.8,144.0,53.5,-37.4,-86.3,15.91,Weak,-2.9,7.4,,-34.5
INDI,Emerging/Small Cap,2025-12-31,2026-03-31,3.22,9.2,3.02,39.9,1.8,0.7,-17.7,136.0,-8.4,-32.5,4.8,7.9,Weak,0.3,6.6,,-32.9
INSP,Monitoring & Specialized,2024-12-31,2025-03-31,159.28,0.21,5.9,84.7,-0.1,-0.1,7.4,238.0,109.7,39.8,-13.5,0.61,Strong,28.5,4.9,170.3,11.4
INSP,Monitoring & Specialized,2025-12-31,2026-03-31,51.58,0.12,1.62,85.4,-0.7,-0.1,18.0,398.0,160.3,22.2,-17.6,-3.9,Weak,13.6,4.2,54.0,8.6
INTC,Major Processors,2024-12-31,2025-03-31,22.71,,1.85,32.7,7.4,3.2,-10.9,125.0,-0.4,-31.6,8.8,2.41,Weak,-2.1,45.1,,-29.5
INTC,Major Processors,2025-12-31,2026-03-31,44.13,,4.17,34.8,-2.1,3.2,0.0,123.0,-1.5,-9.8,21.7,15.33,Weak,-0.5,27.7,,-9.4
IOT,Data & Infrastructure,2024-01-31,2024-04-30,34.93,0.47,20.34,73.6,-1.6,-0.7,-22.1,33.0,-48.2,41.2,,4.16,Strong,43.7,1.2,,-2.4
IOT,Data & Infrastructure,2025-01-31,2025-05-01,40.05,0.55,18.14,76.1,-2.5,-0.7,-15.1,48.0,14.8,42.2,1.0,3.62,Strong,33.3,1.6,,8.9
IOT,Data & Infrastructure,2026-01-31,2026-05-01,30.49,0.37,10.94,76.7,-0.6,-0.7,32.6,47.0,-0.9,42.4,0.2,2.65,Strong,29.6,1.8,,12.8
IRTC,Monitoring & Specialized,2023-12-31,2024-03-30,116.0,0.37,7.29,67.3,1.2,0.0,-36.8,32.0,-11.1,1.5,,2.52,Weak,19.9,8.2,,-18.4
IRTC,Monitoring & Specialized,2024-12-31,2025-03-31,104.68,0.28,5.55,68.9,-1.5,0.0,-12.2,28.0,-3.9,12.4,10.9,1.42,Strong,20.1,8.3,,-7.7
IRTC,Monitoring & Specialized,2025-12-31,2026-03-31,118.02,0.19,5.1,70.6,-1.7,0.0,-3.6,36.0,8.1,30.9,18.4,2.88,Strong,26.2,6.2,,4.6
ISRG,Medical Devices (Heavy),2024-12-31,2025-03-31,495.27,1.23,21.15,67.5,-1.1,-0.4,12.1,200.0,13.7,32.8,7.8,1.22,Strong,17.2,13.3,,15.6
ISRG,Medical Devices (Heavy),2025-12-31,2026-03-31,460.99,0.79,16.26,66.0,1.5,-0.4,13.9,196.0,-3.5,45.3,12.4,-0.42,Weak,20.5,5.4,,24.7
JKS,Solar Hardware,2023-12-31,2024-03-30,21.9039,0.0,0.04,16.0,-1.3,8.0,13.2,67.0,-23.2,41.1,,3.66,Strong,42.8,13.4,-58.7,-1.7
JKS,Solar Hardware,2024-12-31,2025-03-31,17.5176,,0.04,10.9,5.1,8.0,1.5,56.0,-11.2,-14.2,-55.2,-1.46,Weak,-22.3,10.2,13717.0,8.1
JKS,Solar Hardware,2025-12-31,2026-03-31,25.41,,0.08,2.2,8.7,8.0,-9.0,82.0,26.9,-32.4,-18.2,1.91,Weak,-29.0,5.0,,-3.4
LAB,Emerging & Biotech Med,2023-12-31,2024-03-30,2.71,0.24,2.04,47.4,-9.6,5.6,-32.8,134.0,5.4,-34.8,,0.94,Weak,8.6,2.7,,-43.4
LAB,Emerging & Biotech Med,2024-12-31,2025-03-31,1.08,,4.48,49.3,-1.9,5.6,-16.0,164.0,30.1,-181.2,-146.4,370.55,Weak,-14.4,9.2,,-166.8
LAB,Emerging & Biotech Med,2025-12-31,2026-03-31,0.92,,4.17,49.9,-0.5,5.6,-12.8,170.0,6.3,-103.1,78.1,2.34,Weak,-6.2,9.7,,-96.9
LAES,Emerging/Small Cap,2024-12-31,2025-03-31,2.6,,24.04,33.9,12.8,,-24.0,71.0,-47.9,-160.9,-171.3,499.17,Weak,-63.5,5.2,,-97.4
LAES,Emerging/Small Cap,2025-12-31,2026-03-31,2.62,0.42,27.71,47.3,-13.3,,-7.1,76.0,5.0,-111.8,49.0,90.1,Strong,66.2,6.8,,-178.1
LMRI,Emerging & Biotech Med,2025-12-31,2026-03-31,8.6,0.1,0.81,15.4,-5.3,-2.0,8.0,,,7.2,4.4,1.63,Weak,7.8,2.3,,-0.6
LSCC,Emerging/Small Cap,2023-12-31,2024-03-30,78.23,1.25,14.58,69.8,-1.4,0.3,34.7,162.0,-31.3,43.7,,0.18,Weak,11.6,4.5,91.2,32.1
LSCC,Emerging/Small Cap,2024-12-31,2025-03-31,52.45,,14.18,66.8,3.0,0.3,13.8,223.0,61.2,-10.6,-54.3,0.27,Weak,-30.9,7.4,168.8,20.3
LSCC,Emerging/Small Cap,2025-12-31,2026-03-31,92.76,8.91,24.25,68.2,-1.4,0.3,0.5,196.0,-27.6,24.3,34.9,-0.68,Weak,2.7,11.9,3657.6,21.6
LUNG,Emerging & Biotech Med,2024-12-31,2025-03-31,6.73,0.15,3.2,74.0,-0.1,0.3,-38.2,283.0,-57.6,-17.4,10.6,3.3,Strong,22.0,1.7,,-39.4
LUNG,Emerging & Biotech Med,2025-12-31,2026-03-31,1.29,0.07,0.59,74.2,-0.2,0.3,-46.5,248.0,-35.8,-28.3,-10.9,4.74,Weak,8.0,0.5,,-36.3
MASI,Monitoring & Specialized,2023-12-31,2024-03-30,146.85,,6.08,60.0,-8.0,2.2,6.2,390.0,203.0,-34.8,,0.65,Weak,-37.3,4.8,39.6,2.5
MASI,Monitoring & Specialized,2024-12-31,2025-03-31,166.6,0.68,6.4,56.9,3.1,2.2,2.3,179.0,-211.1,20.7,55.5,1.44,Weak,9.4,2.7,,11.3
MASI,Monitoring & Specialized,2025-12-31,2026-03-31,177.87,0.64,6.07,61.9,-5.0,2.2,17.6,239.0,59.6,22.1,1.4,-2.8,Weak,9.4,1.6,,12.6
MCHP,Analog & Power,2025-03-31,2025-06-29,68.6284,,8.4,56.1,9.4,1.4,-0.0,244.0,62.1,-24.8,-49.4,0.38,Weak,-42.3,2.9,,17.5
MDAI,Emerging & Biotech Med,2023-12-31,2024-03-30,2.13,,1.92,43.6,-0.9,5.6,1220.2,8.0,8.2,-102.2,,3.87,Weak,-28.8,,,-73.3
MDAI,Emerging & Biotech Med,2024-12-31,2025-03-31,1.15,0.01,0.88,44.9,-1.2,5.6,219.3,10.0,1.3,32.7,134.9,38.66,Strong,63.8,,,-31.1
MDAI,Emerging & Biotech Med,2025-12-31,2026-03-31,1.47,,2.3,45.4,-0.5,5.6,-664.4,29.0,19.0,-84.1,-116.8,35.82,Weak,-33.6,,,-50.5
MDB,Data & Infrastructure,2025-01-31,2025-05-01,172.19,0.36,6.91,73.3,1.5,-0.9,-4.2,,,25.2,-12.7,10.62,Weak,19.2,1.5,,6.0
MDB,Data & Infrastructure,2026-01-31,2026-05-01,263.46,0.38,8.61,71.7,1.6,-0.9,-2.2,,,43.1,17.9,0.03,Weak,22.8,0.2,,20.3
MDT,Medical Devices (Heavy),2024-04-30,2024-07-29,75.669,0.84,3.07,65.3,0.3,,5.4,170.0,-10.5,19.7,6.5,-1.46,Weak,3.6,4.9,141.5,16.1
MDT,Medical Devices (Heavy),2025-04-30,2025-07-29,90.3368,0.95,3.45,65.3,0.0,,6.7,172.0,2.1,19.1,-0.6,-2.24,Weak,3.6,5.5,111.2,15.5
MQ,FinTech & Payments,2024-12-31,2025-03-31,4.12,,4.1,69.4,-20.7,1.2,-2.2,9.0,4.1,-17.7,-9.4,-3.08,Weak,-25.0,4.2,135.4,7.3
MQ,FinTech & Payments,2025-12-31,2026-03-31,4.08,0.12,2.82,70.0,-0.6,1.2,-6.3,4.0,-4.9,44.4,62.2,-14.29,Strong,23.3,4.8,,21.2
MRVL,Connectivity,2024-01-31,2024-04-30,65.5156,,10.3,41.6,8.8,0.4,-3.5,98.0,-34.8,11.6,,1.1,Weak,-7.0,6.4,,18.5
MRVL,Connectivity,2025-01-31,2025-05-01,60.7857,1.94,9.13,41.3,0.3,0.4,-3.8,111.0,12.9,28.8,17.2,0.05,Weak,4.7,5.1,,24.1
MRVL,Connectivity,2026-01-31,2026-05-01,164.95,0.41,17.05,51.0,-9.7,0.4,14.9,126.0,15.2,59.1,30.3,-2.16,Strong,42.1,4.4,52.1,17.0
MSFT,Enterprise SaaS & AI,2024-06-30,2024-09-28,422.157,0.82,12.8,69.8,-0.8,-0.4,23.4,6.0,-7.7,45.9,10.9,0.03,Strong,15.7,18.1,84.0,30.2
MSFT,Enterprise SaaS & AI,2025-06-30,2025-09-28,508.2412,0.9,13.41,68.8,0.9,-0.4,21.7,4.0,-2.2,40.4,-5.5,0.0,Weak,14.9,22.9,70.3,25.4
MTSI,Emerging/Small Cap,2023-09-30,2023-12-29,92.95,,10.18,59.5,0.7,1.0,6.9,189.0,33.4,18.0,,1.42,Weak,-4.0,3.8,155.3,21.9
MTSI,Emerging/Small Cap,2024-09-30,2024-12-29,133.54,1.06,13.21,54.0,5.5,1.0,4.9,211.0,22.0,31.3,13.3,1.7,Weak,12.5,3.5,178.3,18.8
MTSI,Emerging/Small Cap,2025-09-30,2025-12-29,173.71,0.41,13.38,54.7,-0.7,1.0,-2.5,198.0,-13.3,48.4,17.1,3.16,Strong,32.6,8.5,,15.8
MU,Memory & Storage,2023-08-31,2023-11-29,75.9806,,5.37,-9.1,54.3,18.4,-9.1,181.0,36.3,-88.8,,0.37,Weak,-49.5,49.4,,-39.4
MU,Memory & Storage,2024-08-31,2024-11-29,97.4624,0.07,4.3,22.4,-31.5,18.4,1.9,166.0,-14.4,62.1,150.9,0.99,Strong,61.6,33.4,15.6,0.5
MU,Memory & Storage,2025-08-31,2025-11-29,236.2852,0.15,7.09,39.8,-17.4,18.4,12.5,136.0,-30.6,53.3,-8.8,1.19,Strong,48.9,42.4,19.5,4.5
MXL,Emerging/Small Cap,2023-12-31,2024-03-30,18.67,,2.2,55.6,2.4,-0.1,-7.1,119.0,-6.0,-34.7,,3.9,Weak,-38.1,2.9,,3.4
MXL,Emerging/Small Cap,2024-12-31,2025-03-31,10.86,,2.55,54.0,1.6,-0.1,-34.3,199.0,80.4,-67.1,-32.3,3.42,Weak,-48.0,6.5,,-19.1
MXL,Emerging/Small Cap,2025-12-31,2026-03-31,17.39,0.11,3.21,56.8,-2.8,-0.1,-20.8,141.0,-57.7,29.7,96.7,2.17,Strong,29.7,4.2,,-0.0
NEOG,Diagnostics & Lab Tech,2024-05-31,2024-08-29,17.12,0.32,4.01,50.2,-0.8,-0.6,0.9,150.0,32.8,4.1,-48.9,0.17,Weak,12.4,12.1,,-8.2
NEOG,Diagnostics & Lab Tech,2025-05-31,2025-08-29,5.75,,1.39,47.1,3.1,-0.6,-31.3,147.0,-2.9,-8.4,-12.5,0.2,Weak,-3.2,11.7,,-5.2
NET,Cybersecurity,2023-12-31,2024-03-30,96.83,0.76,25.2,76.3,-0.2,-2.4,-8.1,,,42.2,,2.26,Strong,33.0,10.4,,9.2
NET,Cybersecurity,2024-12-31,2025-03-31,112.69,0.81,23.28,77.3,-1.0,-2.4,-2.9,,,38.8,-3.4,2.17,Strong,28.8,12.8,,10.0
NET,Cybersecurity,2025-12-31,2026-03-31,206.34,1.12,33.49,74.5,2.8,-2.4,-2.5,,,41.9,3.1,2.04,Weak,29.8,15.8,,12.0
NRGV,Renewable Utilities,2023-12-31,2024-03-30,1.79,0.01,0.77,5.1,35.5,1.3,-43.0,0.0,-18.0,96.3,,5.81,Weak,134.1,10.7,,-37.8
NRGV,Renewable Utilities,2024-12-31,2025-03-31,0.695,,2.3,13.4,-8.3,1.3,-105.0,1.0,0.5,-334.8,-431.1,4.52,Weak,-86.5,127.4,,-248.3
NRGV,Renewable Utilities,2025-12-31,2026-03-31,3.3,0.01,2.74,23.6,-10.2,1.3,-63.9,0.0,-0.7,317.2,652.0,10.29,Strong,340.9,20.8,,-23.6
NTAP,Data & Infrastructure,2024-04-30,2024-07-29,120.7761,,3.98,70.7,-4.6,-0.5,17.9,37.0,8.7,22.9,,-2.65,Weak,-1.5,2.5,155.2,24.4
NTAP,Data & Infrastructure,2025-04-30,2025-07-29,104.5819,0.66,3.2,70.2,0.5,-0.5,20.1,35.0,-2.3,25.2,2.3,-2.61,Weak,4.9,2.6,112.8,20.4
NTNX,Data & Infrastructure,2023-07-31,2023-10-29,34.72,0.25,4.47,82.2,-2.5,-0.5,-13.3,,,29.0,,5.58,Strong,17.8,3.5,,11.1
NTNX,Data & Infrastructure,2024-07-31,2024-10-29,64.97,0.52,8.02,84.9,-2.7,-0.5,9.3,,,43.2,14.2,10.67,Strong,15.3,3.5,,27.8
NTNX,Data & Infrastructure,2025-07-31,2025-10-29,68.14,0.4,7.22,86.8,-1.9,-0.5,10.5,,,47.7,4.5,1.46,Strong,18.1,2.8,398.3,29.6
NTSK,Communications & Ops,2026-01-31,2026-05-01,10.52,0.19,5.91,68.1,-3.4,0.6,-60.8,8.0,-3.1,33.5,29.2,4.28,Strong,31.7,3.6,,1.7
NVDA,Major Processors,2024-01-31,2024-04-30,86.2527,0.28,34.89,72.7,-15.8,-0.1,54.4,116.0,-46.1,170.2,,-0.09,Strong,125.9,1.8,90.8,44.4
NVDA,Major Processors,2025-01-31,2025-05-01,111.4538,0.18,20.91,75.0,-2.3,-0.1,78.1,113.0,-3.3,160.8,-9.4,-0.66,Strong,114.2,2.5,83.5,46.6
NVDA,Major Processors,2026-01-31,2026-05-01,198.219,0.34,22.31,71.1,3.9,-0.1,68.9,125.0,12.3,110.2,-50.6,-0.71,Weak,65.5,2.8,80.5,44.8
NVTS,Emerging/Small Cap,2023-12-31,2024-03-30,4.77,0.1,10.76,39.1,-7.6,-0.5,-26.9,168.0,-99.9,51.3,,16.64,Strong,109.4,6.0,,-58.1
NVTS,Emerging/Small Cap,2024-12-31,2025-03-31,2.05,0.96,4.63,34.0,5.1,-0.5,-24.0,103.0,-64.9,-73.9,-125.2,4.98,Weak,4.8,8.1,,-78.7
NVTS,Emerging/Small Cap,2025-12-31,2026-03-31,8.77,,44.03,31.0,3.0,-0.5,-20.0,153.0,50.3,-141.5,-67.6,22.55,Weak,-44.9,3.2,,-96.6
NXPI,Analog & Power,2023-12-31,2024-03-30,238.9309,8.61,4.63,56.9,0.0,2.0,15.8,136.0,21.8,19.4,,-0.88,Weak,0.5,7.6,89.6,18.9
NXPI,Analog & Power,2024-12-31,2025-03-31,186.5048,,3.76,56.4,0.5,2.0,13.5,156.0,20.4,10.1,-9.3,-1.11,Weak,-5.0,6.9,75.9,15.1
NXPI,Analog & Power,2025-12-31,2026-03-31,196.86,,4.06,54.7,1.7,2.0,11.1,169.0,12.9,15.9,5.7,-0.58,Weak,-2.7,4.4,113.0,18.6
NXT,Solar Hardware,2024-03-31,2024-06-29,46.88,0.08,2.64,32.5,-17.4,2.1,31.2,44.0,12.5,48.3,,206.79,Strong,31.4,0.2,138.1,16.9
NXT,Solar Hardware,2025-03-31,2025-06-29,58.32,0.16,2.87,34.1,-1.6,2.1,24.4,39.0,-4.5,39.4,-8.9,3.46,Strong,18.4,1.1,122.1,21.0
OKTA,Cybersecurity,2024-01-31,2024-04-30,92.98,0.32,6.87,74.3,-3.7,-0.1,-4.8,,,43.4,,3.61,Strong,21.8,1.1,,21.6
OKTA,Cybersecurity,2025-01-31,2025-05-01,111.86,0.48,7.43,76.3,-2.0,-0.1,0.4,,,43.3,-0.1,3.79,Strong,15.3,0.8,2607.1,28.0
OKTA,Cybersecurity,2026-01-31,2026-05-01,75.78,0.39,4.6,77.4,-1.0,-0.1,3.3,,,41.4,-1.9,2.25,Weak,11.8,0.7,367.2,29.6
ON,Analog & Power,2023-12-31,2024-03-30,73.55,,3.8,47.1,1.9,2.5,20.4,176.0,37.5,4.4,,-1.28,Weak,-0.9,18.6,20.1,5.3
ON,Analog & Power,2024-12-31,2025-03-31,40.69,,2.43,45.4,1.6,2.5,12.8,212.0,35.3,2.9,-1.5,-0.8,Weak,-14.2,9.8,77.1,17.1
ON,Analog & Power,2025-12-31,2026-03-31,61.92,,4.1,33.1,12.3,2.5,1.7,181.0,-30.6,8.3,5.4,-6.2,Weak,-15.3,5.7,1172.4,23.7
ORA,Renewable Utilities,2023-12-31,2024-03-30,65.3652,0.37,4.76,31.8,4.8,1.2,4.9,29.0,11.2,-24.3,,7.6,Weak,13.0,74.6,-248.4,-37.3
ORA,Renewable Utilities,2024-12-31,2025-03-31,70.344,0.8,4.84,31.0,0.8,1.2,5.6,23.0,-6.2,-2.7,21.6,0.23,Weak,6.1,55.4,-62.0,-8.7
ORA,Renewable Utilities,2025-12-31,2026-03-31,111.8172,0.55,6.88,27.6,3.4,1.2,5.4,23.0,0.1,-16.3,-13.6,0.57,Weak,12.5,62.6,-229.8,-28.8
ORCL,Enterprise SaaS & AI,2024-05-31,2024-08-29,136.896,1.18,7.12,71.4,1.4,,12.4,,,28.3,-6.3,1.55,Weak,6.0,13.0,112.8,22.3
ORCL,Enterprise SaaS & AI,2025-05-31,2025-08-29,224.3595,1.31,10.97,70.5,0.9,,11.5,,,7.7,-20.6,1.89,Weak,8.4,37.0,-3.2,-0.7
OSPN,Communications & Ops,2023-12-31,2024-03-30,11.0074,0.24,1.76,67.1,0.8,-0.0,-7.2,73.0,10.9,-2.5,,-5.56,Weak,7.4,5.3,,-9.9
OSPN,Communications & Ops,2024-12-31,2025-03-31,14.5226,0.66,2.27,71.8,-4.7,-0.0,26.5,57.0,-15.9,22.5,25.0,1.44,Weak,3.4,3.8,81.2,19.1
OSPN,Communications & Ops,2025-12-31,2026-03-31,10.4165,3891.69,1.6,73.8,-2.0,-0.0,26.1,60.0,2.4,20.7,-1.8,-1.83,Weak,0.0,3.7,69.1,20.7
PACB,Diagnostics & Lab Tech,2023-12-31,2024-03-30,3.75,0.09,5.01,26.3,11.9,-2.6,-17.7,140.0,-92.0,-77.4,,18.21,Weak,56.3,4.4,,-133.7
PACB,Diagnostics & Lab Tech,2024-12-31,2025-03-31,1.18,,2.26,24.2,2.1,-2.6,-24.8,184.0,43.7,-161.0,-83.6,9.96,Weak,-23.2,4.0,,-137.8
PACB,Diagnostics & Lab Tech,2025-12-31,2026-03-31,1.32,0.64,2.49,28.6,-4.4,-2.6,-75.8,157.0,-26.2,-70.4,90.6,2.56,Weak,3.9,4.8,,-74.3
PAGS,FinTech & Payments,2023-12-31,2024-03-30,13.5329,0.07,0.27,49.0,2.3,0.5,21.0,2.0,0.9,16.6,,-2.59,Weak,4.0,12.5,121.6,12.6
PAGS,FinTech & Payments,2024-12-31,2025-03-31,7.2308,0.01,0.12,49.3,-0.3,0.5,18.1,0.0,-1.4,-12.6,-29.2,-3.81,Strong,17.9,12.3,-271.1,-30.5
PAGS,FinTech & Payments,2025-12-31,2026-03-31,9.7851,0.02,0.13,52.5,-3.2,0.5,21.6,0.0,-0.1,34.4,47.0,-7.94,Weak,8.5,11.2,249.5,25.9
PANW,Cybersecurity,2023-07-31,2023-10-29,119.395,0.42,10.68,72.3,-3.5,-6.0,6.7,,,63.5,,3.18,Strong,25.3,2.1,598.4,38.2
PANW,Cybersecurity,2024-07-31,2024-10-29,182.695,0.9,14.8,74.3,-2.1,-6.0,21.0,,,55.1,-8.4,5.45,Strong,16.5,2.0,120.3,38.6
PANW,Cybersecurity,2025-07-31,2025-10-29,217.16,1.06,15.73,73.4,0.9,-6.0,7.3,,,52.5,-2.6,2.72,Weak,14.9,2.7,306.0,37.6
PATH,Enterprise SaaS & AI,2025-01-31,2025-05-01,11.88,0.49,4.6,82.7,2.3,-3.0,-7.4,,,30.7,-15.2,-2.77,Weak,9.3,1.0,,21.4
PATH,Enterprise SaaS & AI,2026-01-31,2026-05-01,10.67,0.28,3.56,83.2,-0.4,-3.0,7.0,,,34.5,3.8,-2.98,Weak,12.7,1.2,124.7,21.9
PAYO,FinTech & Payments,2023-12-31,2024-03-30,4.86,0.59,2.89,79.6,1.1,,-12.1,,,23.5,,1.35,Weak,4.9,8.0,119.7,18.6
PAYO,FinTech & Payments,2024-12-31,2025-03-31,7.31,0.18,3.65,78.9,0.7,,-11.7,,,36.2,12.7,0.7,Strong,20.1,8.4,96.2,16.2
PAYO,FinTech & Payments,2025-12-31,2026-03-31,4.83,0.15,2.05,0.0,78.9,,9.0,,,31.7,-4.6,-3.16,Weak,13.9,10.7,199.1,17.8
PHG,Medical Devices (Heavy),2024-12-31,2025-03-31,23.5033,,1.21,43.1,-2.1,0.3,-15.1,114.0,-5.0,4.1,-6.0,-1.32,Weak,-0.8,3.8,,5.0
PHG,Medical Devices (Heavy),2025-12-31,2026-03-31,26.3724,,1.41,45.2,-2.1,0.3,5.8,107.0,-6.7,1.8,-2.4,2.84,Weak,-1.0,3.7,56.3,2.8
PLTR,Enterprise SaaS & AI,2023-12-31,2024-03-30,23.01,1.36,22.75,80.6,-2.1,2.1,2.9,,,48.1,,4.81,Strong,16.7,0.7,332.2,31.3
PLTR,Enterprise SaaS & AI,2024-12-31,2025-03-31,84.4,2.39,68.89,80.2,0.4,2.1,5.6,,,68.6,20.5,6.3,Strong,28.8,0.4,246.9,39.8
PLTR,Enterprise SaaS & AI,2025-12-31,2026-03-31,146.28,1.39,78.16,82.4,-2.1,2.1,18.1,,,103.1,34.5,2.24,Strong,56.2,0.8,129.3,46.9
PODD,Monitoring & Specialized,2023-12-31,2024-03-30,171.4,0.24,7.06,68.3,-6.6,-3.1,11.3,274.0,20.2,32.2,,0.57,Strong,30.0,6.4,17.7,2.2
PODD,Monitoring & Specialized,2024-12-31,2025-03-31,262.61,0.4,8.9,69.8,-1.4,-3.1,18.7,251.0,-22.6,36.4,4.2,0.41,Strong,22.1,6.5,70.8,14.3
PODD,Monitoring & Specialized,2025-12-31,2026-03-31,209.84,0.18,5.45,71.6,-1.8,-3.1,11.6,215.0,-35.9,43.6,7.3,0.28,Strong,30.7,8.1,141.6,12.9
POET,Emerging/Small Cap,2023-12-31,2024-03-30,1.37,,124.97,0.0,0.0,,,,,-3591.4,,12.28,Weak,-15.7,267.7,,-3575.6
POET,Emerging/Small Cap,2024-12-31,2025-03-31,3.78,,6980.88,0.0,0.0,,,,,-73159.5,-69568.1,80.07,Weak,-91.1,16845.8,,-73068.3
POET,Emerging/Small Cap,2025-12-31,2026-03-31,5.94,0.29,729.59,0.0,0.0,,,,,-611.7,72547.8,72.56,Strong,2494.6,214.1,,-3106.3
POWI,Analog & Power,2023-12-31,2024-03-30,69.1413,,8.82,51.5,4.8,-0.3,5.5,276.0,102.3,-21.6,,-0.39,Weak,-31.7,4.7,80.5,10.1
POWI,Analog & Power,2024-12-31,2025-03-31,49.408,,6.7,53.6,-2.1,-0.3,2.4,311.0,35.0,9.5,31.1,0.17,Weak,-5.8,4.1,198.2,15.3
POWI,Analog & Power,2025-12-31,2026-03-31,51.0736,1.09,6.37,54.5,-0.8,-0.3,1.5,302.0,-9.5,25.5,16.0,-2.64,Weak,5.9,5.5,394.3,19.6
PSFE,FinTech & Payments,2023-12-31,2024-03-30,15.79,0.09,0.61,58.6,0.4,0.7,-4.8,,,13.3,,1.53,Weak,7.0,8.3,,6.3
PSFE,FinTech & Payments,2024-12-31,2025-03-31,15.69,0.09,0.55,58.0,0.6,0.7,7.3,,,14.3,1.0,-2.97,Weak,6.5,7.1,601.6,7.8
PSFE,FinTech & Payments,2025-12-31,2026-03-31,6.81,,0.21,56.4,1.6,0.7,4.8,,,6.2,-8.1,-13.71,Weak,-0.2,7.5,,6.4
PYPL,FinTech & Payments,2024-12-31,2025-03-31,64.6898,0.3,2.02,46.1,-0.1,-0.9,13.4,,,28.1,5.7,-7.37,Weak,6.8,2.1,163.2,21.3
PYPL,FinTech & Payments,2025-12-31,2026-03-31,45.0814,0.29,1.25,46.6,-0.5,-0.9,16.6,,,21.1,-7.0,-7.35,Weak,4.3,2.6,106.3,16.8
QCOM,Connectivity,2023-09-30,2023-12-29,137.3354,,4.27,55.7,2.1,-0.8,19.4,148.0,23.5,8.5,,-0.62,Weak,-19.0,4.0,136.2,27.5
QCOM,Connectivity,2024-09-30,2024-12-29,152.2538,0.5,4.35,56.2,-0.5,-0.8,24.2,137.0,-10.3,37.4,28.9,-0.09,Weak,8.8,2.7,110.0,28.6
QCOM,Connectivity,2025-09-30,2025-12-29,171.6895,0.3,4.16,55.4,0.8,-0.8,14.2,121.0,-16.7,42.6,5.2,-3.5,Weak,13.7,2.7,231.4,28.9
QDEL,Diagnostics & Lab Tech,2023-12-31,2024-03-30,47.94,,1.07,49.9,9.3,-1.7,0.7,141.0,-3.3,-5.8,,0.45,Weak,-8.2,7.0,,2.4
QDEL,Diagnostics & Lab Tech,2024-12-31,2025-03-31,34.97,,0.85,46.2,3.7,-1.7,-34.5,130.0,-10.4,-11.2,-5.3,0.83,Weak,-7.2,7.0,,-4.0
QDEL,Diagnostics & Lab Tech,2025-12-31,2026-03-31,16.43,,0.41,46.7,-0.4,-1.7,-19.7,145.0,14.6,-4.9,6.3,1.0,Weak,-1.9,6.9,,-3.0
QLYS,Cybersecurity,2023-12-31,2024-03-30,166.87,0.84,11.11,80.6,-1.6,-0.4,32.7,,,55.8,,-1.21,Weak,13.2,1.6,155.6,42.5
QLYS,Cybersecurity,2024-12-31,2025-03-31,125.93,0.79,7.57,81.7,-1.0,-0.4,28.4,,,47.7,-8.0,-1.1,Weak,9.6,2.0,133.4,38.1
QLYS,Cybersecurity,2025-12-31,2026-03-31,87.85,0.46,4.69,82.8,-1.2,-0.4,28.4,,,55.6,7.9,-2.12,Weak,10.1,0.7,153.5,45.5
QRVO,Connectivity,2025-03-31,2025-06-29,83.85,,2.1,41.3,-1.8,2.1,2.4,107.0,-6.5,11.7,-12.6,-3.0,Weak,-1.3,3.7,871.4,13.0
QSI,Diagnostics & Lab Tech,2023-12-31,2024-03-30,1.97,,258.12,45.1,,1.6,-38.8,2424.0,,,,1.3,,,487.3,,-9178.3
QSI,Diagnostics & Lab Tech,2024-12-31,2025-03-31,1.2,0.36,65.49,52.3,-7.2,1.6,-47.3,1018.0,-1406.0,-2840.2,,17.72,Strong,182.6,151.8,,-3022.8
QSI,Diagnostics & Lab Tech,2025-12-31,2026-03-31,0.774,,68.75,47.3,5.0,1.6,-43.8,910.0,-108.6,-4011.9,-1171.7,29.65,Weak,-20.3,103.3,,-3991.5
RAMP,Communications & Ops,2024-03-31,2024-06-29,30.94,0.29,3.11,72.8,-1.3,-1.3,1.0,,,26.2,,-0.49,Weak,10.6,0.6,868.5,15.6
RAMP,Communications & Ops,2025-03-31,2025-06-29,32.7,0.22,2.87,71.0,1.7,-1.3,-0.2,,,33.8,7.5,-1.3,Weak,13.0,0.1,,20.7
RDWR,Cybersecurity,2024-12-31,2025-03-31,21.62,0.64,3.35,80.6,-0.4,0.3,-0.4,96.0,-13.6,29.3,43.7,2.05,Weak,5.2,1.9,1098.5,24.1
RDWR,Cybersecurity,2025-12-31,2026-03-31,26.32,0.38,3.76,80.7,-0.0,0.3,1.7,83.0,-13.5,23.6,-5.8,1.39,Weak,9.8,2.8,205.1,13.8
RMBS,Memory & Storage,2023-12-31,2024-03-30,61.81,10.4,14.46,77.6,-1.2,0.9,28.8,128.0,56.7,38.8,,0.23,Weak,1.4,5.0,51.7,37.4
RMBS,Memory & Storage,2024-12-31,2025-03-31,51.78,0.48,9.94,80.2,-2.6,0.9,14.4,148.0,20.4,56.6,17.8,-0.94,Strong,20.7,5.5,111.2,35.9
RMBS,Memory & Storage,2025-12-31,2026-03-31,86.03,0.48,13.1,79.6,0.6,0.9,16.4,111.0,-36.5,74.2,17.6,0.88,Strong,27.1,3.8,144.6,47.1
RPD,Cybersecurity,2024-12-31,2025-03-31,26.51,0.23,1.99,70.3,-0.1,0.2,3.2,,,26.8,2.5,2.89,Weak,8.5,2.1,603.6,18.3
RPD,Cybersecurity,2025-12-31,2026-03-31,5.51,0.23,0.42,70.3,-0.1,0.2,2.7,,,17.0,-9.8,3.7,Weak,1.9,2.8,556.5,15.1
RUN,Solar Installation,2023-12-31,2024-03-30,13.18,,1.28,7.2,5.7,-7.1,-10.7,80.0,-61.4,-154.4,,2.43,Weak,-2.7,115.4,,-151.7
RUN,Solar Installation,2024-12-31,2025-03-31,5.86,,0.65,16.1,-8.9,-7.1,-18.9,86.0,5.8,-180.0,-25.6,2.86,Weak,-9.8,132.6,,-170.1
RUN,Solar Installation,2025-12-31,2026-03-31,13.56,0.02,1.07,30.3,-14.2,-7.1,-0.7,89.0,3.0,-53.7,126.3,3.52,Strong,45.1,84.6,-649.4,-98.8
RXT,Data & Infrastructure,2023-12-31,2024-03-30,1.58,,0.12,21.3,6.2,-0.1,-18.8,,,4.1,,2.94,Weak,-5.3,3.3,,9.4
RXT,Data & Infrastructure,2024-12-31,2025-03-31,1.69,,0.14,19.5,1.8,-0.1,-33.3,,,-10.0,-14.2,5.38,Weak,-7.4,4.1,,-2.6
RXT,Data & Infrastructure,2025-12-31,2026-03-31,0.98,,0.09,18.9,0.6,-0.1,-6.6,,,1.5,11.5,7.07,Weak,-1.9,2.3,,3.4
S,Enterprise SaaS & AI,2024-01-31,2024-04-30,21.13,0.22,10.36,71.1,-5.3,-0.8,-21.8,,,33.1,,6.25,Strong,47.1,3.0,,-14.0
S,Enterprise SaaS & AI,2025-01-31,2025-05-01,18.57,0.23,7.36,74.3,-3.2,-0.8,-18.8,,,33.1,-0.1,6.86,Strong,32.2,3.3,,0.8
S,Enterprise SaaS & AI,2026-01-31,2026-05-01,14.9,0.23,5.03,74.1,0.2,-0.8,-29.6,,,27.1,-6.0,3.75,Strong,21.9,2.5,,5.2
SEDG,Solar Hardware,2023-12-31,2024-03-30,70.98,,1.36,23.6,3.5,-0.2,1.0,232.0,114.3,-16.4,,1.76,Weak,-4.3,6.1,-1052.3,-12.1
SEDG,Solar Hardware,2024-12-31,2025-03-31,16.18,,1.04,-97.3,121.0,-0.2,-113.0,133.0,-99.3,-117.6,-101.1,1.58,Weak,-69.7,13.1,,-47.9
SEDG,Solar Hardware,2025-12-31,2026-03-31,51.05,0.08,2.6,16.6,-113.9,-0.2,-28.5,204.0,71.6,38.2,155.8,4.02,Strong,31.4,2.0,,6.8
SENS,Monitoring & Specialized,2023-12-31,2024-03-30,10.62,6.87,251.56,13.8,2.8,5.5,,166.0,-29.2,-278.3,,10.58,Weak,36.6,1.6,,-314.9
SENS,Monitoring & Specialized,2024-12-31,2025-03-31,13.12,949.09,347.59,2.4,11.4,5.5,,74.0,-92.4,-278.7,-0.4,12.25,Weak,0.4,10.0,,-279.0
SENS,Monitoring & Specialized,2025-12-31,2026-03-31,6.66,0.14,7.8,44.7,-42.3,5.5,,126.0,52.0,-114.0,164.7,-93.07,Strong,56.9,3.2,,-170.9
SHLS,Solar Hardware,2023-12-31,2024-03-30,11.18,0.08,3.89,34.4,5.7,-2.5,8.2,60.0,-75.8,66.2,,23.36,Weak,49.6,2.2,203.6,16.6
SHLS,Solar Hardware,2024-12-31,2025-03-31,3.32,,1.39,35.6,-1.2,-2.5,4.6,79.0,19.3,-0.3,-66.5,-1.97,Weak,-18.4,2.1,298.4,18.0
SHLS,Solar Hardware,2025-12-31,2026-03-31,6.58,0.12,2.32,35.0,0.5,-2.5,5.2,106.0,26.8,15.7,16.0,0.41,Strong,19.1,7.0,-47.6,-3.4
SKYT,Emerging/Small Cap,2023-12-31,2024-03-30,10.17,0.05,1.67,20.7,-8.5,5.1,-8.4,25.0,-1.5,34.5,,7.6,Strong,34.6,3.7,,-0.1
SKYT,Emerging/Small Cap,2024-12-31,2025-03-31,7.09,0.05,0.99,20.3,0.3,5.1,4.6,19.0,-5.2,21.5,-13.0,1.44,Strong,19.4,3.3,,2.1
SKYT,Emerging/Small Cap,2025-12-31,2026-03-31,27.41,0.1,3.01,19.7,0.7,5.1,34.4,25.0,5.8,16.5,-5.0,1.9,Strong,29.2,6.2,-47.2,-12.7
SMXT,CleanTech / Emerging,2023-12-31,2024-03-30,9.15,0.36,7.52,20.6,-3.9,17.9,43.5,11.0,-22.0,28.6,,0.0,Strong,21.1,0.1,934.5,7.5
SMXT,CleanTech / Emerging,2024-12-31,2025-03-31,1.2,,2.36,10.1,10.5,17.9,-856.5,23.0,11.6,-97.3,-125.8,1.73,Weak,-57.5,,,-39.7
SMXT,CleanTech / Emerging,2025-12-31,2026-03-31,0.701,0.0,0.42,4.6,5.4,17.9,116.8,9.0,-14.3,296.3,393.6,21.28,Weak,295.8,,,0.5
SNOW,Data & Infrastructure,2025-01-31,2025-05-01,165.36,0.52,15.22,66.5,1.5,-0.2,-22.4,,,53.6,-9.0,-0.03,Weak,29.2,2.1,,24.4
SNOW,Data & Infrastructure,2026-01-31,2026-05-01,141.0,0.36,10.35,67.2,-0.7,-0.2,-28.0,,,53.0,-0.6,3.01,Strong,29.2,2.2,,23.9
SPCE,CleanTech / Emerging,2023-12-31,2024-03-30,29.6,0.45,87.04,-643.2,660.8,-7211.1,-49.2,118.0,-4486.5,-7048.6,,45.21,Weak,194.1,651.6,,-7242.7
SPCE,CleanTech / Emerging,2024-12-31,2025-03-31,3.03,4.09,14.21,-1179.5,536.3,-7211.1,-41.1,,,-6741.2,307.3,65.02,Weak,3.5,1731.9,,-6744.7
SPCE,CleanTech / Emerging,2025-12-31,2026-03-31,2.43,,115.4,-4613.0,3433.5,-7211.1,-44.8,,,-28458.0,-21716.8,122.23,Weak,-78.1,12826.7,,-28380.0
SPWR,Solar Hardware,2024-12-31,2025-03-31,1.55,0.04,1.05,36.3,-16.0,16.3,-58.8,117.0,100.6,-27.2,10.1,50.38,Strong,24.1,1.1,,-51.3
SPWR,Solar Hardware,2025-12-31,2026-03-31,1.27,0.0,0.47,43.1,-6.7,16.3,-21.1,9.0,-107.2,170.8,198.0,50.89,Strong,175.9,,,-5.1
STE,Medical Devices (Heavy),2024-03-31,2024-06-29,215.6139,0.31,4.15,43.2,0.5,0.1,6.6,84.0,-2.0,25.2,,0.26,Weak,13.3,7.0,162.0,11.9
STE,Medical Devices (Heavy),2025-03-31,2025-06-29,236.8605,0.68,4.26,44.0,-0.8,0.1,7.4,69.0,-14.9,20.5,-4.7,-0.59,Weak,6.2,6.8,126.6,14.3
STIM,Emerging & Biotech Med,2024-12-31,2025-03-31,3.68,0.55,2.74,72.3,0.1,-5.1,,75.0,-75.6,-38.4,0.4,91.4,Weak,5.0,2.0,,-43.3
STIM,Emerging & Biotech Med,2025-12-31,2026-03-31,1.45,0.01,0.67,48.5,23.8,-5.1,,21.0,-54.2,85.0,123.4,23.91,Weak,99.2,0.5,,-14.2
STM,Analog & Power,2023-12-31,2024-03-30,42.1644,0.31,2.2,47.9,-0.6,-1.4,20.6,109.0,-1.6,41.8,,-0.12,Weak,7.2,,142.3,34.7
STM,Analog & Power,2024-12-31,2025-03-31,21.6869,,1.47,39.3,8.6,-1.4,7.8,127.0,17.3,-0.9,-42.7,-0.51,Weak,-23.2,,190.4,22.3
STM,Analog & Power,2025-12-31,2026-03-31,34.55,,2.6,33.9,5.4,-1.4,1.0,147.0,20.0,7.2,8.1,-1.05,Weak,-11.1,,1296.4,18.2
STNE,FinTech & Payments,2024-12-31,2025-03-31,8.6577,0.01,0.21,75.5,1.0,-1.9,13.5,,,-27.9,-44.1,-7.42,Weak,14.5,11.0,,-42.4
STNE,FinTech & Payments,2025-12-31,2026-03-31,11.6648,0.01,0.22,74.9,0.6,-1.9,19.0,,,12.2,40.1,-12.97,Strong,16.0,8.9,-22.1,-3.8
SUUN,Solar Installation,2024-06-30,2024-09-28,4.9155,0.01,2.29,20.0,4.7,967.2,-7.6,51.0,39.2,218.6,131.3,1.46,Weak,217.3,13.2,,1.3
SWKS,Connectivity,2023-09-30,2023-12-29,102.7442,,3.43,44.2,3.3,-0.4,13.9,153.0,-0.2,21.0,,-0.44,Weak,-13.0,4.9,164.9,34.0
SWKS,Connectivity,2024-09-30,2024-12-29,84.7469,,3.24,41.2,3.0,-0.4,8.1,117.0,-36.8,26.8,5.9,0.25,Weak,-12.5,4.4,275.4,39.3
SWKS,Connectivity,2025-09-30,2025-12-29,62.7147,,2.28,41.2,0.0,-0.4,7.6,115.0,-2.0,24.1,-2.7,-7.0,Weak,-2.2,5.5,225.5,26.3
SYK,Medical Devices (Heavy),2023-12-31,2024-03-30,351.2034,0.59,6.51,63.7,-0.9,-1.2,10.9,238.0,25.4,26.4,,0.37,Weak,11.1,2.8,99.1,15.3
SYK,Medical Devices (Heavy),2024-12-31,2025-03-31,368.6933,0.61,6.22,63.9,-0.2,-1.2,9.5,214.0,-23.9,25.7,-0.7,0.34,Weak,10.2,3.3,116.5,15.4
SYK,Medical Devices (Heavy),2025-12-31,2026-03-31,328.59,0.45,5.0,64.0,-0.1,-1.2,9.2,214.0,0.5,28.2,2.5,0.29,Weak,11.2,3.0,131.9,17.1
SYNA,Connectivity,2023-06-30,2023-09-28,86.26,,2.46,52.8,1.4,1.8,4.5,78.0,0.6,-0.2,,-2.65,Weak,-22.1,2.5,403.9,21.9
SYNA,Connectivity,2024-06-30,2024-09-28,78.48,,3.24,45.8,7.0,1.8,2.3,80.0,1.7,-32.5,-32.3,2.58,Weak,-29.2,17.5,-25.2,-3.3
SYNA,Connectivity,2025-06-30,2025-09-28,69.59,0.21,2.5,44.7,1.1,1.8,-1.3,86.0,5.7,21.9,54.4,-2.34,Weak,12.0,3.3,,9.9
TDC,Data & Infrastructure,2024-12-31,2025-03-31,22.48,,1.22,60.5,0.4,1.4,17.3,9.0,2.9,11.3,-10.2,-2.86,Weak,-4.5,1.5,243.0,15.8
TDC,Data & Infrastructure,2025-12-31,2026-03-31,25.63,,1.43,59.4,1.1,1.4,17.2,7.0,-2.5,12.2,0.9,-2.73,Weak,-5.0,1.2,219.2,17.1
TENB,Cybersecurity,2023-12-31,2024-03-30,49.43,0.43,7.25,77.0,0.3,-0.4,-4.5,,,34.6,,3.62,Strong,16.9,1.1,,17.7
TENB,Cybersecurity,2024-12-31,2025-03-31,34.98,0.37,4.65,77.8,-0.8,-0.4,2.5,,,35.7,1.1,2.18,Weak,12.7,1.2,,23.0
TENB,Cybersecurity,2025-12-31,2026-03-31,16.92,0.18,2.01,78.1,-0.3,-0.4,0.9,,,36.1,0.4,-1.04,Weak,11.0,1.7,,25.0
TMCI,Emerging & Biotech Med,2023-12-31,2024-03-30,13.05,0.13,4.31,81.2,0.8,-1.4,,303.0,27.1,7.3,,11.0,Strong,31.9,6.1,,-24.6
TMCI,Emerging & Biotech Med,2024-12-31,2025-03-31,8.39,0.21,2.5,80.4,0.8,-1.4,,349.0,45.3,-11.4,-18.7,0.99,Weak,11.9,5.5,,-23.3
TMCI,Emerging & Biotech Med,2025-12-31,2026-03-31,1.34,0.25,0.4,79.8,0.6,-1.4,,306.0,-42.4,-12.3,-0.9,2.41,Weak,1.6,6.4,,-13.9
TNDM,Monitoring & Specialized,2023-12-31,2024-03-30,35.41,,3.1,49.2,2.4,-2.3,-28.3,152.0,47.2,-23.8,,1.61,Weak,-6.7,12.9,,-17.1
TNDM,Monitoring & Specialized,2024-12-31,2025-03-31,19.16,0.05,1.35,52.1,-2.9,-2.3,-12.5,121.0,-30.5,26.3,50.1,1.09,Strong,25.7,2.0,,0.5
TNDM,Monitoring & Specialized,2025-12-31,2026-03-31,19.17,0.16,1.29,53.8,-1.7,-2.3,-31.1,100.0,-20.9,-2.7,-29.0,3.06,Weak,7.9,9.7,,-10.7
TOST,FinTech & Payments,2023-12-31,2024-03-30,24.92,0.08,3.5,21.6,-2.9,1.5,-22.3,14.0,-3.9,43.9,,3.82,Strong,41.5,1.1,,2.4
TOST,FinTech & Payments,2024-12-31,2025-03-31,33.17,0.14,3.83,24.0,-2.4,1.5,3.4,11.0,-2.8,34.5,-9.4,5.34,Strong,28.3,1.1,1610.5,6.2
TOST,FinTech & Payments,2025-12-31,2026-03-31,26.51,0.11,2.54,25.9,-1.9,1.5,13.8,9.0,-2.3,33.9,-0.6,2.97,Strong,24.1,0.9,177.8,9.9
TSEM,Foundries,2023-12-31,2024-03-30,33.45,,2.61,24.8,2.9,0.1,19.8,97.0,5.5,1.1,,0.79,Weak,-15.2,31.2,44.8,16.3
TSEM,Foundries,2024-12-31,2025-03-31,35.66,2.93,2.77,23.6,1.2,0.1,7.6,89.0,-7.2,1.8,0.7,0.65,Weak,0.9,30.4,6.0,0.9
TSEM,Foundries,2025-12-31,2026-03-31,175.48,1.39,12.61,23.2,0.4,0.1,7.3,78.0,-11.3,5.9,4.1,0.88,Weak,9.1,28.4,-22.2,-3.1
TSM,Foundries,2023-12-31,2024-03-30,132.2218,,1.59,54.4,5.2,3.9,18.8,93.0,4.7,8.7,,0.01,Weak,-4.5,44.2,33.6,13.3
TSM,Foundries,2024-12-31,2025-03-31,163.5861,0.04,1.47,56.1,-1.8,3.9,21.7,83.0,-10.1,63.6,54.9,0.0,Strong,33.9,33.3,74.3,29.8
TSM,Foundries,2025-12-31,2026-03-31,337.1604,0.07,2.3,59.9,-3.8,3.9,26.6,69.0,-13.9,57.7,-6.0,-0.0,Strong,31.6,33.7,58.5,26.1
TURB,CleanTech / Emerging,2023-12-31,2024-03-30,1.15,,4.83,8.1,6.7,,-32.4,169.0,30.3,-60.7,,0.0,Weak,-57.9,4.2,,-2.8
TURB,CleanTech / Emerging,2024-12-31,2025-03-31,2.26,,13.22,3.6,4.5,,-88.8,78.0,-90.8,-28.8,31.8,0.0,Weak,-28.1,11.2,,-0.7
TURB,CleanTech / Emerging,2025-12-31,2026-03-31,2.67,0.07,7.4,19.0,-15.5,,-17.7,78.0,-0.3,98.3,127.1,0.0,Strong,111.1,3.2,,-12.8
TUYA,Enterprise SaaS & AI,2023-12-31,2024-03-30,1.6079,0.38,4.02,46.4,-3.4,-0.8,-11.4,97.0,-42.2,25.7,,3.91,Weak,10.5,0.7,,15.2
TUYA,Enterprise SaaS & AI,2024-12-31,2025-03-31,2.9533,0.19,5.6,47.4,-1.0,-0.8,-3.3,55.0,-41.9,52.4,26.7,-1.53,Strong,29.8,4.4,1345.9,22.5
TUYA,Enterprise SaaS & AI,2025-12-31,2026-03-31,2.31,0.57,4.39,48.2,-0.8,-0.8,1.1,68.0,12.4,30.7,-21.6,8.04,Weak,7.8,2.2,127.7,23.0
TWLO,Communications & Ops,2024-12-31,2025-03-31,97.91,0.46,3.35,51.1,-1.9,0.1,-0.6,,,22.1,4.8,-16.12,Weak,7.3,1.3,,14.7
TWLO,Communications & Ops,2025-12-31,2026-03-31,125.82,0.28,3.78,48.9,2.2,0.1,1.2,,,32.3,10.3,-0.13,Weak,13.7,1.1,2794.3,18.7
TXN,Analog & Power,2023-12-31,2024-03-30,163.4494,,8.48,62.9,5.9,2.1,23.5,225.0,63.7,-4.8,,0.33,Weak,-12.5,28.9,20.7,7.7
TXN,Analog & Power,2024-12-31,2025-03-31,173.3185,,10.1,58.1,4.8,2.1,16.5,252.0,27.8,-1.1,3.7,0.24,Weak,-10.7,30.8,31.2,9.6
TXN,Analog & Power,2025-12-31,2026-03-31,193.1586,0.76,9.91,57.0,1.1,2.1,17.4,231.0,-21.6,27.8,28.9,-0.46,Weak,13.0,25.7,52.0,14.7
UMC,Foundries,2023-12-31,2024-03-30,7.2071,,0.41,34.9,10.2,-1.5,13.8,90.0,15.9,-23.8,,0.2,Weak,-20.2,42.2,-13.4,-3.6
UMC,Foundries,2024-12-31,2025-03-31,6.7247,0.08,0.36,32.6,2.4,-1.5,10.4,83.0,-6.7,5.5,29.2,0.25,Weak,4.4,39.3,5.2,1.1
UMC,Foundries,2025-12-31,2026-03-31,8.98,0.21,0.48,29.0,3.6,-1.5,8.7,81.0,-2.8,22.9,17.5,0.22,Weak,2.3,21.4,121.7,20.7
VRNS,Cybersecurity,2024-12-31,2025-03-31,40.45,0.8,8.26,83.0,2.7,-2.9,-9.5,,,28.9,12.6,3.16,Weak,10.4,2.4,,18.5
VRNS,Cybersecurity,2025-12-31,2026-03-31,21.47,0.31,4.05,78.8,4.1,-2.9,-10.8,,,34.3,5.5,4.44,Weak,13.2,2.5,,21.2
VRSN,Data & Infrastructure,2023-12-31,2024-03-30,186.678,2.65,12.67,86.8,-0.9,0.1,157.1,,,58.9,,-3.8,Weak,4.8,3.1,98.8,54.1
VRSN,Data & Infrastructure,2024-12-31,2025-03-31,250.0763,3.54,15.25,87.7,-0.9,0.1,-677.0,,,60.5,1.6,-6.22,Weak,4.3,1.8,111.3,56.2
VRSN,Data & Infrastructure,2025-12-31,2026-03-31,247.7011,2.16,13.74,88.2,-0.4,0.1,-12294.5,,,70.9,10.4,-3.26,Weak,6.4,1.4,129.4,64.5
VSH,Analog & Power,2024-12-31,2025-03-31,15.4922,,0.72,21.3,7.3,1.5,9.2,109.0,11.5,-18.6,-17.0,-1.44,Weak,-13.7,10.9,,-5.0
VSH,Analog & Power,2025-12-31,2026-03-31,18.0,0.18,0.8,19.4,1.9,1.5,-0.6,112.0,3.1,1.6,20.2,-0.13,Weak,4.5,8.9,,-2.9
WEX,FinTech & Payments,2023-12-31,2024-03-30,237.53,0.47,3.91,61.8,-1.4,0.6,7.7,,,38.2,,-3.05,Weak,8.4,5.8,285.0,29.8
WEX,FinTech & Payments,2024-12-31,2025-03-31,157.02,0.74,2.33,60.5,1.3,0.6,9.7,,,15.7,-22.6,-6.92,Weak,3.1,5.8,106.3,12.5
WEX,FinTech & Payments,2025-12-31,2026-03-31,153.04,1.59,1.97,58.6,1.9,0.6,9.4,,,10.3,-5.4,-12.08,Weak,1.2,8.0,79.1,9.0
WIX,Enterprise SaaS & AI,2024-12-31,2025-03-31,163.38,0.41,5.21,67.9,-0.7,-2.0,35.5,,,39.9,15.7,-1.86,Weak,12.7,1.1,345.6,27.2
WIX,Enterprise SaaS & AI,2025-12-31,2026-03-31,90.07,0.19,2.49,68.1,-0.1,-2.0,15.7,,,41.9,2.1,-1.99,Weak,13.2,0.5,1131.3,28.7
WKHS,CleanTech / Emerging,2023-12-31,2024-03-30,705.0,0.03,5.13,-192.9,-457.1,-253.2,-130.3,432.0,346.4,-921.5,,72.69,Strong,160.7,142.7,,-1082.2
WKHS,CleanTech / Emerging,2024-12-31,2025-03-31,22.08,,1.0,-87.3,-105.6,-253.2,88.8,592.0,160.1,-655.4,266.1,235.98,Weak,-46.2,67.6,,-609.2
WKHS,CleanTech / Emerging,2025-12-31,2026-03-31,3.02,0.01,1.38,-45.0,-42.2,-253.2,-60.0,463.0,-128.8,30.7,686.1,2928.58,Strong,201.1,2.8,,-170.5
XPEV,Enterprise SaaS & AI,2023-12-31,2024-03-30,7.68,0.03,0.47,1.5,10.0,-0.7,-21.1,67.0,-2.7,9.8,,9.29,Weak,14.2,7.5,,-4.4
XPEV,Enterprise SaaS & AI,2024-12-31,2025-03-31,20.72,0.03,0.96,14.3,-12.8,-0.7,-12.7,58.0,-8.8,22.4,12.5,0.75,Strong,33.2,5.9,,-10.9
XPEV,Enterprise SaaS & AI,2025-12-31,2026-03-31,17.11,0.0,0.43,18.9,-4.6,-0.7,-1.7,61.0,2.9,94.1,71.8,0.56,Strong,87.7,4.4,,6.4
YEXT,Enterprise SaaS & AI,2025-01-31,2025-05-01,6.63,0.49,2.0,77.1,1.3,-0.5,-10.2,,,15.5,3.9,1.71,Weak,4.1,0.5,,11.4
YEXT,Enterprise SaaS & AI,2026-01-31,2026-05-01,4.11,0.19,1.13,74.5,2.7,-0.5,13.9,,,18.0,2.5,-3.2,Weak,6.1,0.6,140.7,11.9
ZBH,Medical Devices (Heavy),2023-12-31,2024-03-30,129.4663,0.55,3.6,71.8,-0.9,7.7,6.5,418.0,29.7,22.6,,-1.63,Weak,6.5,5.3,115.9,16.1
ZBH,Medical Devices (Heavy),2024-12-31,2025-03-31,112.0089,0.75,2.9,71.5,0.4,7.7,5.8,372.0,-45.4,18.7,-3.9,-3.17,Weak,3.8,4.6,126.4,14.9
ZBH,Medical Devices (Heavy),2025-12-31,2026-03-31,90.42,0.3,2.15,69.7,1.8,7.7,4.6,335.0,-37.7,24.5,5.7,-1.8,Weak,7.2,3.4,201.4,17.3
ZETA,Enterprise SaaS & AI,2023-12-31,2024-03-30,10.93,0.14,3.27,62.3,1.2,-0.5,-47.1,,,30.8,,4.98,Weak,23.3,4.9,,7.5
ZETA,Enterprise SaaS & AI,2024-12-31,2025-03-31,13.56,0.08,3.2,60.3,2.1,-0.5,-6.9,,,47.2,16.4,9.0,Weak,38.0,4.2,,9.2
ZETA,Enterprise SaaS & AI,2025-12-31,2026-03-31,15.92,0.1,2.99,60.6,-0.4,-0.5,-2.9,,,42.4,-4.8,3.18,Strong,29.7,2.6,,12.6
ZS,Cybersecurity,2023-07-31,2023-10-29,154.37,0.29,14.05,77.6,0.2,0.8,-9.4,,,68.8,,2.89,Strong,48.2,8.0,,20.6
ZS,Cybersecurity,2024-07-31,2024-10-29,189.85,0.39,13.35,78.0,-0.4,0.8,-2.0,,,61.0,-7.8,3.62,Strong,34.1,9.0,,27.0
ZS,Cybersecurity,2025-07-31,2025-10-29,320.96,0.82,19.01,76.9,1.1,0.8,-0.7,,,50.5,-10.6,3.81,Weak,23.3,9.2,,27.2
